Username,Email,Password
zvfbjeug,zvfbjeug@example.com,cS7K1JCwOC
mkhefofg,mkhefofg@example.com,E9Hz8Z6QyW
bmtxuusa,bmtxuusa@example.com,Vdg8jrIdra
bngwpnpa,bngwpnpa@example.com,wpVkpku5E5
jukpkwfj,jukpkwfj@example.com,T35d1K4fqw
ofhbnttc,ofhbnttc@example.com,gkfuXM15qG
glrzevec,glrzevec@example.com,OrEQ3PbRCy
qnvvxprr,qnvvxprr@example.com,9YJH1Hsh2r
nsabvyoq,nsabvyoq@example.com,PMXNMleiFp
bpfzufan,bpfzufan@example.com,NVkrcPQzl6
tpfrtddy,tpfrtddy@example.com,tLTDQ6lqk3
yxruhenb,yxruhenb@example.com,7iO90KcU9V
rbavlvma,rbavlvma@example.com,Pr8oTFiDdQ
ceazyits,ceazyits@example.com,RxTenWYPsq
xpgfjzgx,xpgfjzgx@example.com,rKUYKIfWwJ
zrkablhp,zrkablhp@example.com,3QMZ3pOjyw
rplsaqol,rplsaqol@example.com,ELAs4E3GBO
gscuvrhx,gscuvrhx@example.com,VW7rwtdz3F
oaxmprwu,oaxmprwu@example.com,ZcoWCqODOi
bnxacieo,bnxacieo@example.com,qXFnfgWIX3
hkojneyz,hkojneyz@example.com,IirnAODTml
mtznxjdj,mtznxjdj@example.com,XOJxCy5dLS
duuzkeyi,duuzkeyi@example.com,4GL4nMIW5r
zveizjgv,zveizjgv@example.com,5Eh4v0d0aO
rbwtlfrd,rbwtlfrd@example.com,hOo0INKnz0
ohdhnvpy,ohdhnvpy@example.com,HeEGclmnDv
ismjgaoy,ismjgaoy@example.com,ToRPZCyDrd
jxmfajbt,jxmfajbt@example.com,aQZ5RxQQL6
njrrwmho,njrrwmho@example.com,uosejyR3WR
gvfsazrz,gvfsazrz@example.com,5ZMdcKWjfb
tdexhfck,tdexhfck@example.com,Iav7oOjtH4
sfjsmzhx,sfjsmzhx@example.com,QUEKBz3KeZ
fvbsbilh,fvbsbilh@example.com,OekxHfQgh3
xbuysjmy,xbuysjmy@example.com,60GHY5V6SV
vdoyawlq,vdoyawlq@example.com,QjrGfKfpTw
nbagzcid,nbagzcid@example.com,t6wdLsz7gE
qihjmiff,qihjmiff@example.com,UsD0TwNGIE
yrfbrxrf,yrfbrxrf@example.com,THoo8icmwo
mlurleov,mlurleov@example.com,lP9B4HhpvM
smkennxg,smkennxg@example.com,8htubxpPpw
joafwbyz,joafwbyz@example.com,W7rhQNouCz
ecinlhar,ecinlhar@example.com,Y0feQ1aNh3
auzsfoza,auzsfoza@example.com,kPmqHOWXdO
aiqharry,aiqharry@example.com,BOzTqwbJjD
ufldblml,ufldblml@example.com,nG67NjdFj4
jmdqslsm,jmdqslsm@example.com,asdaa0d1QN
jxdicmmh,jxdicmmh@example.com,QpmoYb7FZm
bsbhoyky,bsbhoyky@example.com,UXhAIKwmZ2
zztoyoln,zztoyoln@example.com,gR83J6f39q
pfyynqoy,pfyynqoy@example.com,f8ZpTOxAg9
rdfktfco,rdfktfco@example.com,xNm41hc3Cl
yidmxvkm,yidmxvkm@example.com,4wlXaSJW41
vakyqflu,vakyqflu@example.com,TqHFq1mwJG
aidkdvsu,aidkdvsu@example.com,lWSuYqIKHb
mobycaku,mobycaku@example.com,rloFjP8M6h
qbycxmhm,qbycxmhm@example.com,yfjLgocrMv
zknzqjvx,zknzqjvx@example.com,kJFgGlsm2I
ulnkuimj,ulnkuimj@example.com,pZQvTjDFsI
wgoniiqt,wgoniiqt@example.com,eFBfAshuuZ
inwqmtue,inwqmtue@example.com,7AqcqUl2yN
flhzxyya,flhzxyya@example.com,UkwT2p2eRB
moechgjd,moechgjd@example.com,l3uUQDsycf
ujrncvyd,ujrncvyd@example.com,tjHp2uVNAX
eqyluivb,eqyluivb@example.com,YlsHlfN9Vn
baapivob,baapivob@example.com,EA3vESARpB
gxsfdzjz,gxsfdzjz@example.com,JxPfOZ6dIe
ywofuogl,ywofuogl@example.com,F3lT6Dv2Ph
gvxnhngh,gvxnhngh@example.com,y5m9Qyr9oY
kyvupcpb,kyvupcpb@example.com,rDg2PYMqUN
wlohdxiy,wlohdxiy@example.com,qX3xS5znh9
rczymqdz,rczymqdz@example.com,GAJPkhfbsk
oyruarec,oyruarec@example.com,Rt6Clv2ji7
njhtldqv,njhtldqv@example.com,CwlqjZREY6
slfvznca,slfvznca@example.com,0BeCcbCtGp
tucwxkcp,tucwxkcp@example.com,QkkhoezkvC
mjolinld,mjolinld@example.com,TWq1PDxNUh
xnzqgcda,xnzqgcda@example.com,w4DthjaPHX
ozjcfmkd,ozjcfmkd@example.com,7LxeEPuMVg
otuaeeer,otuaeeer@example.com,xKaOEbK06i
gavcebpo,gavcebpo@example.com,qDtZjHo2Wz
rlqzbaco,rlqzbaco@example.com,uobHdoyBHR
jjnisilm,jjnisilm@example.com,NtpBPTvhHy
onpdfgxi,onpdfgxi@example.com,08jrFXgmqx
lpebrcsk,lpebrcsk@example.com,njXYTYbiCl
djkqjbti,djkqjbti@example.com,TE7JYKtjNI
qrgwopfa,qrgwopfa@example.com,SzQMk0Do4A
exwbpxha,exwbpxha@example.com,NrABZ7W2dU
qmbntjqi,qmbntjqi@example.com,ob5pGqDj74
cyqwkyuz,cyqwkyuz@example.com,ISgyjny6wJ
vfcxhpky,vfcxhpky@example.com,WO0DnLnH8F
kcxtrstk,kcxtrstk@example.com,OemBVbuVuL
qclkbnzy,qclkbnzy@example.com,WkJ2Wa195t
dcanfgot,dcanfgot@example.com,VTBpSSBCUJ
ndhphjcn,ndhphjcn@example.com,GfaMQWRCvS
syljjrwc,syljjrwc@example.com,SBobax2JpM
pplvjegq,pplvjegq@example.com,llEeSeJdwi
gwxilybk,gwxilybk@example.com,qi4nZPMKj7
bzgvqupl,bzgvqupl@example.com,NX54W0lK40
hhctkluk,hhctkluk@example.com,OUq9JQzacI
mtwzbqpw,mtwzbqpw@example.com,fbiWLoPX9M
sxstcidf,sxstcidf@example.com,HUQiAkd3Bl
rlnnbmra,rlnnbmra@example.com,SMYZvO6ixq
wucowlyz,wucowlyz@example.com,8OH7x7j5Yp
ilusqxjp,ilusqxjp@example.com,8ciwBAo5zT
veglmgor,veglmgor@example.com,7q8iJD4ISp
nmuuyoad,nmuuyoad@example.com,kW7ToBpr98
jigsxfcz,jigsxfcz@example.com,Hm9T7xVsy6
pyjypayo,pyjypayo@example.com,nBkRdUFvTO
qwgvsqed,qwgvsqed@example.com,ZRb49LAfFd
zxkxhusc,zxkxhusc@example.com,LuOzrR8Y7o
mtrutpuu,mtrutpuu@example.com,fOAMoRSygS
tlnbrwiv,tlnbrwiv@example.com,7K3LUgwhro
undgqbzf,undgqbzf@example.com,2dhV4sqjsq
yjnvyxek,yjnvyxek@example.com,4UvtntIdMz
lmurromg,lmurromg@example.com,wU3Yh2T6gY
oudjkxrp,oudjkxrp@example.com,oKIjSXskwI
ovjfhjfv,ovjfhjfv@example.com,PgbXkFgRiP
aoebcdsl,aoebcdsl@example.com,IXPhTp8NFQ
gxrvjucj,gxrvjucj@example.com,OSDzs30vPr
srmnjkpg,srmnjkpg@example.com,IESwBqjPwB
xirwwokr,xirwwokr@example.com,ETaC8c79t4
eauespfr,eauespfr@example.com,1tW0sqQuJq
mobdweyu,mobdweyu@example.com,J2DKJxBQcq
wjxqtslh,wjxqtslh@example.com,zSoxscBAtr
ytdqeszr,ytdqeszr@example.com,rkdMEcktjK
ogrbadvo,ogrbadvo@example.com,jpIwPBI5GM
tcdrlldw,tcdrlldw@example.com,stM3QfqC1W
ohomnjcu,ohomnjcu@example.com,Dy6zn1ClCI
bnzpjohj,bnzpjohj@example.com,PMrtKrzwNV
oplumlbf,oplumlbf@example.com,vqlEbadmY1
ojspszea,ojspszea@example.com,DjN0If2Zun
wzecsfzk,wzecsfzk@example.com,ciQKd3kHDX
moxhhuxb,moxhhuxb@example.com,l9EjOF1riC
mhobrmms,mhobrmms@example.com,hLkfePaIdj
ujusavua,ujusavua@example.com,pW8TPMWFKm
jrzayneh,jrzayneh@example.com,9JP6fFDiVQ
itrxuqbg,itrxuqbg@example.com,Kudf44L2S4
pmxebmwe,pmxebmwe@example.com,mcAKJPuhIl
snzmtlxk,snzmtlxk@example.com,4bLWry5LgA
ohoitpbv,ohoitpbv@example.com,0AcaV0LX5X
cajrqwhp,cajrqwhp@example.com,QIHyIoZQdb
saosazpc,saosazpc@example.com,feYIqFL9gj
djcbphrh,djcbphrh@example.com,d3FiwS2tMx
hyqxbdor,hyqxbdor@example.com,k8iOUIgPhP
atzelmdv,atzelmdv@example.com,3kfgshuFm8
ityeqfjz,ityeqfjz@example.com,74ojCWQ1in
sncldxdy,sncldxdy@example.com,Vt0khhhTOY
gsbvqzxt,gsbvqzxt@example.com,2nEwcZxaVy
hgvfoecq,hgvfoecq@example.com,wddUuvQqms
nujomzsm,nujomzsm@example.com,8awL83gaTO
wlqtmyly,wlqtmyly@example.com,BD65oTnc9r
yiukwfli,yiukwfli@example.com,PWJPwCVWtY
rouqtohg,rouqtohg@example.com,iwO2tdet6y
kbetnwuh,kbetnwuh@example.com,j6cbg8te2q
gptvuepp,gptvuepp@example.com,JMKFseLNPo
yhkpwqip,yhkpwqip@example.com,4T2Xc7MZsM
nxocvqem,nxocvqem@example.com,VRAFB88Uqo
lypvioiq,lypvioiq@example.com,A8BM8s13CU
ldgoavjb,ldgoavjb@example.com,90YtP0ibgN
fzszsvij,fzszsvij@example.com,2sD7gDIj8G
jusamdag,jusamdag@example.com,Ys8HzyQxHJ
mkylcurf,mkylcurf@example.com,fsWx5WX48c
yarsmlhj,yarsmlhj@example.com,YqGuflnifu
bzfghmla,bzfghmla@example.com,1jlIv1d4YV
lejjgqlb,lejjgqlb@example.com,sIfRm9vPi9
haelgcie,haelgcie@example.com,bT09ZXke8j
otupwiwp,otupwiwp@example.com,i74JKzMNQj
ndiiyglk,ndiiyglk@example.com,kztEzo8zSx
sipuctot,sipuctot@example.com,n7aMh5kfo7
nlcgxmqz,nlcgxmqz@example.com,NUO0WxZ7HW
vrsmutxp,vrsmutxp@example.com,GedE93tca5
wlnxgtwg,wlnxgtwg@example.com,sVcnDE7e0G
huptfqmy,huptfqmy@example.com,5pcj0LXBrd
nlowtops,nlowtops@example.com,xROIUMKYoK
idfjasrh,idfjasrh@example.com,j9y5ci9S0T
pemjgicf,pemjgicf@example.com,XY3jIj6e4d
mxjmkztz,mxjmkztz@example.com,K8AtW8L0ei
vwewonlw,vwewonlw@example.com,F2La98a64v
bgcvskfr,bgcvskfr@example.com,yXkDMgpxXO
zzwdgaui,zzwdgaui@example.com,g0TZEcDbGX
fmneeqkv,fmneeqkv@example.com,TMrzTVA4Kq
arsipjzt,arsipjzt@example.com,lRnHF3nc4n
tvebcjmg,tvebcjmg@example.com,jKUZiKRehD
khkeqzyt,khkeqzyt@example.com,5iFcNGr9ja
oalxwxra,oalxwxra@example.com,b32CEkCZBQ
bxssfmsj,bxssfmsj@example.com,P3W41vm4lv
wrnvizox,wrnvizox@example.com,3rLgKtb3Dv
uiviyrjk,uiviyrjk@example.com,K4A7W1LKHU
lxebwykh,lxebwykh@example.com,aqf6bLrofC
porepajz,porepajz@example.com,5lTJF2N3Qf
gynobnka,gynobnka@example.com,PpqnNyMP6A
gcdggcus,gcdggcus@example.com,OfmQLDOven
rzsnkavx,rzsnkavx@example.com,rkhrj5fmdc
iknyhznf,iknyhznf@example.com,gdjL2nlYi0
iowuebrj,iowuebrj@example.com,GmZQBWLMu2
axkfbgys,axkfbgys@example.com,ByIeikW2vN
xfapvhod,xfapvhod@example.com,ksjuF9d8Vc
pipjvxvd,pipjvxvd@example.com,GJiQNY5oW3
xnlqkojd,xnlqkojd@example.com,BqnEnVMY29
opzezoua,opzezoua@example.com,6l00Lcznb2
wmsefhrc,wmsefhrc@example.com,NZhgx1drmp
jiajuyfh,jiajuyfh@example.com,RBamhkGCVn
ftxnvaqb,ftxnvaqb@example.com,bvL06aca8i
iefgkksx,iefgkksx@example.com,sU6IhcZp0Z
yctluiaf,yctluiaf@example.com,Dxy2cI14ur
xslqhvkd,xslqhvkd@example.com,jfjKuS8PRq
exixushk,exixushk@example.com,6LiJPpTT73
fbaojhkx,fbaojhkx@example.com,weFfwWPfUt
kpstamxj,kpstamxj@example.com,4UbEylHL62
mmavpolo,mmavpolo@example.com,z8c65wrsrW
hnfiyxnn,hnfiyxnn@example.com,4VCWTEbba6
thezcofa,thezcofa@example.com,xeqwZs9XgJ
gdkaajom,gdkaajom@example.com,IdppE0DJFc
xsyknysb,xsyknysb@example.com,dYbDLKx2FG
ksczabsz,ksczabsz@example.com,bU5qSKfIxM
bojsvgtw,bojsvgtw@example.com,5fzO2LvZFr
mtngmsri,mtngmsri@example.com,FDcgleZ9nS
doxifhqa,doxifhqa@example.com,iyOLVgudds
cociinmu,cociinmu@example.com,10rXoMCAQs
gxlqpwdr,gxlqpwdr@example.com,GWSa49yT6Y
ngzqlghj,ngzqlghj@example.com,drIMGv4mba
ubduouor,ubduouor@example.com,X4mHQ1JA3F
conrjuyt,conrjuyt@example.com,QvVO2yRmcK
adjaricp,adjaricp@example.com,pVwmpKEQNB
zbvsaeaz,zbvsaeaz@example.com,jkM6TeI6MR
hkyxaqdr,hkyxaqdr@example.com,Hhad20oSTV
efnlerdt,efnlerdt@example.com,3KL0rzYraj
ijrecllg,ijrecllg@example.com,cJXzk3RHUr
wsyfimao,wsyfimao@example.com,p9Ev9k1IAg
dnfcdlow,dnfcdlow@example.com,HLxk0JpP71
fuddgpsn,fuddgpsn@example.com,SjoPtD48NH
aoicjgyd,aoicjgyd@example.com,5HO86EhlQA
juidolrj,juidolrj@example.com,BpVKRKiEDB
fazwzjxh,fazwzjxh@example.com,3qja5m2bUp
pftotdkg,pftotdkg@example.com,y5UWDQabNy
rtrkurdj,rtrkurdj@example.com,fggg6030Cr
opmvuxyn,opmvuxyn@example.com,vcdimk5NC2
rrmjftla,rrmjftla@example.com,DR9Qr6Tb2t
xarrcsyq,xarrcsyq@example.com,xpQDiKnG3E
tzsajqjg,tzsajqjg@example.com,erAdjgXk9V
kvvlvdho,kvvlvdho@example.com,F45MSkUhPH
zhfmloao,zhfmloao@example.com,8f9GX4SKvQ
fmbgkxjk,fmbgkxjk@example.com,OEig1ZVjES
slotqnvd,slotqnvd@example.com,Rhs4IBU60w
muviltfv,muviltfv@example.com,9FQWRvjE3R
gadbzyan,gadbzyan@example.com,FGHyt2Ob0k
aslddior,aslddior@example.com,sFucVZm35h
licxdzjr,licxdzjr@example.com,AzTVjJFNdd
hwdzzamj,hwdzzamj@example.com,z1cmRLA74N
ucpiuiil,ucpiuiil@example.com,5Q1wNnI2pD
tbrpiaxs,tbrpiaxs@example.com,zZgbAalo8Y
tbbdmdxz,tbbdmdxz@example.com,5nSWwZBkCO
fsilgypa,fsilgypa@example.com,oZPT3ncReX
fpwowmgn,fpwowmgn@example.com,KBmPPltGp6
zprrxuwu,zprrxuwu@example.com,Txd29tmgoa
oobmfymh,oobmfymh@example.com,MykpeawNjt
ojvfqahh,ojvfqahh@example.com,HcDUdf2Lay
isiarbsr,isiarbsr@example.com,feHQeJI7hL
jdpsjeoq,jdpsjeoq@example.com,7jCHZA8zov
vssljjej,vssljjej@example.com,3urKgCNs5y
kescocsu,kescocsu@example.com,5i6IK7hDkv
iediazdh,iediazdh@example.com,2vn6jHol1Y
jxurthjy,jxurthjy@example.com,5oNuRQwDhp
dgetrgkt,dgetrgkt@example.com,dw811Sw5eW
jdvwiate,jdvwiate@example.com,i5RqWSRLDN
zgrugcot,zgrugcot@example.com,7MrLbwbFIJ
olqqyomg,olqqyomg@example.com,bysrypA9Tf
jirbthrw,jirbthrw@example.com,QJykcoUGsG
kghgmitq,kghgmitq@example.com,YF5ZrMeRSV
wmouztlg,wmouztlg@example.com,pvXHgGwScC
cjmghiur,cjmghiur@example.com,i6nHPffea5
bqsutqur,bqsutqur@example.com,XAeqh4rU4g
eotltlrb,eotltlrb@example.com,jfs47f9cdt
tyqnrlvj,tyqnrlvj@example.com,NK3KJtTPuq
djbhxqib,djbhxqib@example.com,xQx1akJ7Op
httuzjno,httuzjno@example.com,5dfqaj1PDH
khlatgml,khlatgml@example.com,LVhY8PW78p
rysffrqq,rysffrqq@example.com,o4S6xgpVAr
uanhcazs,uanhcazs@example.com,eMUmlq5Whv
msfkhmmu,msfkhmmu@example.com,B5G0q3FNWm
hxcrojgi,hxcrojgi@example.com,osID2HF7M2
jhhqiczp,jhhqiczp@example.com,ux5ZLAmrHc
evirpqrm,evirpqrm@example.com,KYypa5XAuY
vsuwcxer,vsuwcxer@example.com,bl2WgG6RrH
fewbegai,fewbegai@example.com,L6PHWOHTnH
dcqleyva,dcqleyva@example.com,OLapfORCsX
znwjrxdb,znwjrxdb@example.com,G0fmCaNSM5
bnhtccdv,bnhtccdv@example.com,wUgv5Ipqcx
lmggfoui,lmggfoui@example.com,g8kx9FdTgY
zklfzdnh,zklfzdnh@example.com,YE5qwULEmg
aqyhepsv,aqyhepsv@example.com,IYae3Atjkl
gfkgcekq,gfkgcekq@example.com,X3rQAJ8uS2
sgbeipwt,sgbeipwt@example.com,cQTkldp02i
bmdftfun,bmdftfun@example.com,EYy8RlVWJm
lqvdwwdb,lqvdwwdb@example.com,mZETJuhMKu
zsexelys,zsexelys@example.com,6oSMSsaMYg
rffmmhwt,rffmmhwt@example.com,EWGhbQ0y6A
vjsrbpro,vjsrbpro@example.com,IWgJ6BSOxG
zaonhhmv,zaonhhmv@example.com,IlEAGQHXKP
gthkvnpo,gthkvnpo@example.com,4MOS9hCC4W
jvkqxwfd,jvkqxwfd@example.com,9OyMGG3Ef8
cxtohmhv,cxtohmhv@example.com,HWRlwTiU88
tkygczux,tkygczux@example.com,x866Wm6baa
oawuukhh,oawuukhh@example.com,688Xac8xGO
usfnvafo,usfnvafo@example.com,IDHcqkLfxm
ovrvclua,ovrvclua@example.com,pXUryc5NNs
frpfzcsm,frpfzcsm@example.com,ps7Nqe9284
tmzuolct,tmzuolct@example.com,qgO62YlfRg
bgeswblf,bgeswblf@example.com,EC4dof9uN2
twgkhyuk,twgkhyuk@example.com,ELKpmDwUsZ
itmtnrlw,itmtnrlw@example.com,lcoAdegfwj
qxtzegzn,qxtzegzn@example.com,xkBTB822o7
tywtbtlp,tywtbtlp@example.com,Ny8A2NWyE0
kwlkkbrh,kwlkkbrh@example.com,La6RJpMDh1
wmaxdecq,wmaxdecq@example.com,CQvDyvw3OX
enhoobkb,enhoobkb@example.com,lvnH4KH8ma
gwqezgij,gwqezgij@example.com,lucajQSXU6
dkejqcnb,dkejqcnb@example.com,00upZSnBHw
ceilrfsl,ceilrfsl@example.com,1qXeeFFO8f
twyonzyf,twyonzyf@example.com,4wKQhBycfW
dupidqme,dupidqme@example.com,wFF8t12pEZ
ebosaotu,ebosaotu@example.com,lfpx67kPo2
rpxrdolm,rpxrdolm@example.com,vNqRkznwWv
iimlsmlj,iimlsmlj@example.com,ycZ6Elatjs
pfakgirq,pfakgirq@example.com,5qjB4ylShm
ymwyvclj,ymwyvclj@example.com,BTSTzrQBsC
rblhpvyl,rblhpvyl@example.com,YHbXWIW5uf
xfiptvfp,xfiptvfp@example.com,0EDd7jGgfI
cjwuodsf,cjwuodsf@example.com,FZi5jTajdN
yyquagqa,yyquagqa@example.com,yKrSv7ApE3
ghkycwcv,ghkycwcv@example.com,JLNItVA883
yxddqkjy,yxddqkjy@example.com,tlv7ytQY5y
jqajvnyq,jqajvnyq@example.com,yWd3jBrU67
xjvttspr,xjvttspr@example.com,4jlEubyU7T
nldmjkqq,nldmjkqq@example.com,GQKHiR0RbR
ibovgeiz,ibovgeiz@example.com,Ch36xVP2Re
vjmfuasi,vjmfuasi@example.com,6VF4ymNYUY
qrczuyka,qrczuyka@example.com,CkxaxQDAT5
hxrstnfa,hxrstnfa@example.com,fheNs6CljD
viifjcpi,viifjcpi@example.com,mpZYgf1I0C
drlxqjfh,drlxqjfh@example.com,f7bUGDDKwl
ibsiwszd,ibsiwszd@example.com,6TjkWKx9mI
gjcpjqdk,gjcpjqdk@example.com,YsgBwEbbML
amazgsuy,amazgsuy@example.com,hgczFgW8AK
mzchkaat,mzchkaat@example.com,UlmSkgg4vt
cteapwvz,cteapwvz@example.com,ksplIDgc6M
kcveduze,kcveduze@example.com,Y6XEKsmzYH
qhzhlbos,qhzhlbos@example.com,aOMfkdCQ4x
imkozcfd,imkozcfd@example.com,DwChejE10W
wawjzauq,wawjzauq@example.com,VEeVRz521K
ckjthnjo,ckjthnjo@example.com,YWjKg1djk5
jehgmyaa,jehgmyaa@example.com,BAMK7NM1Nw
ncgektjp,ncgektjp@example.com,HdVuKqBEjG
vjueupow,vjueupow@example.com,bRLqmhYgmy
jagwygzd,jagwygzd@example.com,0ql7OuvICY
ymxeuxce,ymxeuxce@example.com,ANi3eCEPOK
xwmbzhhu,xwmbzhhu@example.com,qxgpIKTFCC
psgrfwxc,psgrfwxc@example.com,EWiBqmd4qy
pcuejyig,pcuejyig@example.com,BncEZKW0IR
bsmtbmfy,bsmtbmfy@example.com,JpDcJKZeyQ
mdvqjhnh,mdvqjhnh@example.com,AgioOB0orI
mqsetnqs,mqsetnqs@example.com,L4hyoE9DWi
bhxsnyca,bhxsnyca@example.com,wwll0khK0N
zddvkipj,zddvkipj@example.com,rdMqYjJF8o
mhzarscr,mhzarscr@example.com,KDXVBV5z4a
jlsrhyxy,jlsrhyxy@example.com,WSYxlqM4za
glmtsrad,glmtsrad@example.com,W9WmKbI8ij
bmvhphsv,bmvhphsv@example.com,QXXS7JBobZ
mbiyfgkw,mbiyfgkw@example.com,d1XGmFU2SM
wilitojq,wilitojq@example.com,khEHQmZl8w
zhqceolp,zhqceolp@example.com,gOI3dDMTuv
opcaptzq,opcaptzq@example.com,hTs64d9AqY
pdtdgjax,pdtdgjax@example.com,3XKbkrsTVi
qabjnioq,qabjnioq@example.com,4UTVJrVihk
jnmzfemo,jnmzfemo@example.com,8MZNvAKP8j
eokgygwe,eokgygwe@example.com,WkAGnn6wFF
xadwgxfr,xadwgxfr@example.com,DzpT7mas5X
jhdfevrf,jhdfevrf@example.com,n0gTGEhZVj
kfooiqku,kfooiqku@example.com,iA66h89PfQ
veifpwej,veifpwej@example.com,0QFyMDXyTN
uzorvlrj,uzorvlrj@example.com,34mG5uf83t
ltooobcj,ltooobcj@example.com,lJ9OGQJUmE
vfuthakh,vfuthakh@example.com,qHH11jN0LX
tjnszmlo,tjnszmlo@example.com,MT57LqY5x0
chvldfll,chvldfll@example.com,wJrlTqaK1N
vqibtwdt,vqibtwdt@example.com,8VBVoY2U2s
wuohhnvf,wuohhnvf@example.com,E59oWTxy3h
mpblciir,mpblciir@example.com,BBiJIsLLcg
mchjrmgd,mchjrmgd@example.com,2n9iOcpiB3
sqkkkaci,sqkkkaci@example.com,x90zffE1RM
ykyhrzkk,ykyhrzkk@example.com,7Q47M5orz6
kdrbsfgj,kdrbsfgj@example.com,Lh0PrGySDM
jejvsqgo,jejvsqgo@example.com,7MiG9nbTDW
ointdgpm,ointdgpm@example.com,xzylegPlXJ
dmxnhbec,dmxnhbec@example.com,dkEgOGFu7P
rcouuyxp,rcouuyxp@example.com,KdXx0e9xYM
pjipfqrm,pjipfqrm@example.com,2hlqGMP7vm
mwfdbzdv,mwfdbzdv@example.com,VXWnRY5Y0h
oupfojpt,oupfojpt@example.com,PS7YSdxiH1
gbvbeycu,gbvbeycu@example.com,2NntJzpww0
btnyyqpy,btnyyqpy@example.com,KziI279pJu
bdzvraas,bdzvraas@example.com,OT14jMuY6t
euepadgf,euepadgf@example.com,PVZ4MJqxVN
zoaeccnm,zoaeccnm@example.com,cIUNHdgIte
cpteeoso,cpteeoso@example.com,RGUirSajzt
bhnuqnjw,bhnuqnjw@example.com,fKvPSbmqM9
ypqrrvdc,ypqrrvdc@example.com,OvJ1SuPpMC
rzxivjnt,rzxivjnt@example.com,QsiVQLBnIN
nexnhgac,nexnhgac@example.com,E4MOGqVrNN
ggxzeutw,ggxzeutw@example.com,W6s0yI4d5E
cniqcvei,cniqcvei@example.com,RaJlGyCIiz
evgghtvy,evgghtvy@example.com,Y8pJp2RNxh
bedaafbp,bedaafbp@example.com,U8pEobmQOo
ktxpddsh,ktxpddsh@example.com,Ydbu82RAlw
slrmdofx,slrmdofx@example.com,JkaiLjhpVN
zrmzljab,zrmzljab@example.com,2CCdj8qZ8w
huqkjnpn,huqkjnpn@example.com,hppI6kCDXU
ocsqsdlq,ocsqsdlq@example.com,seDhnTC4qo
vdwzcyxa,vdwzcyxa@example.com,2wZjZzQMox
jlqlbjrp,jlqlbjrp@example.com,IA6fCdFMKj
tamihobr,tamihobr@example.com,5a2CobxcKc
jazjoitl,jazjoitl@example.com,xSgCyyDphZ
rgqforel,rgqforel@example.com,RAMP3JIR2U
cyfjrfuu,cyfjrfuu@example.com,OgecMemmFP
tmvoelcf,tmvoelcf@example.com,jGIWeSCOLD
yfgmigkx,yfgmigkx@example.com,BK1c0ta6mW
xsaikcvl,xsaikcvl@example.com,Ne0H6Kti68
vnkzzazj,vnkzzazj@example.com,HG1yBTbAXY
tyjecauy,tyjecauy@example.com,ju6YNeNfsR
blrpmrjp,blrpmrjp@example.com,sFM7F6krEa
fqrlezds,fqrlezds@example.com,qjHxXFfQDd
tnckmvxr,tnckmvxr@example.com,BSSm7LUpgP
gykcntys,gykcntys@example.com,anoZSSo5Mr
folyyuvv,folyyuvv@example.com,P4uYy260pm
cpawkrgm,cpawkrgm@example.com,CD5rpE8OQE
kokwhzvk,kokwhzvk@example.com,wpY4VEI9vj
egrtxqbg,egrtxqbg@example.com,W06AgZqmOW
tmrajryx,tmrajryx@example.com,bYXTbRWWEg
viwndopo,viwndopo@example.com,6TkRiaWP7y
qwlucldx,qwlucldx@example.com,gdDvBRGgck
vrfmmvul,vrfmmvul@example.com,ixYaUX76n4
nuebrjrc,nuebrjrc@example.com,SEtKrcMZtq
qeiarhxi,qeiarhxi@example.com,ProIFmQJyk
pvcuaitz,pvcuaitz@example.com,xZ5dhHRWJb
ofeowcbg,ofeowcbg@example.com,xeZI80DYQJ
ymgmdqta,ymgmdqta@example.com,5Xx33U9nVc
tqstsbpz,tqstsbpz@example.com,Bt98AhDvhU
jikoimfm,jikoimfm@example.com,KsRNLguCAc
spbvufec,spbvufec@example.com,izEXUAerRw
xqhviwqu,xqhviwqu@example.com,OG8S74bHH7
yqoseirt,yqoseirt@example.com,2IgVufQpmm
cxcqtuox,cxcqtuox@example.com,c0XIeoVteM
swtfimgq,swtfimgq@example.com,NLowaOWsA6
xwsesnuu,xwsesnuu@example.com,L9d3TzX3jk
moflfsoc,moflfsoc@example.com,oAkj6SBwko
mlnfvslg,mlnfvslg@example.com,A6xZPYBLvi
rdqstghu,rdqstghu@example.com,OjkeiAhcDS
jnhjowpx,jnhjowpx@example.com,XKMCuK06It
twiosfxs,twiosfxs@example.com,BS61jgvHLy
dwzbcmyt,dwzbcmyt@example.com,DcHJOXtcqe
cwcwjmbt,cwcwjmbt@example.com,xy3A9Vkg2w
zgnhtxcw,zgnhtxcw@example.com,pHc5RsfRs9
udppqymm,udppqymm@example.com,a7XYGcT8n4
vkgppcyb,vkgppcyb@example.com,QC2IrPQpaS
jkulfyxk,jkulfyxk@example.com,FxgdNbNHup
ccemhauc,ccemhauc@example.com,gcrcnTPBWQ
ybuljxsg,ybuljxsg@example.com,T4RrMnHtiT
ibtdhvrr,ibtdhvrr@example.com,XC94pJMh4f
tfnastgv,tfnastgv@example.com,27pp3wwz4a
ddtxbuos,ddtxbuos@example.com,pf4ZYIy59g
rtfjkumk,rtfjkumk@example.com,omf0MWI973
famhrndl,famhrndl@example.com,fBMFIRQBBA
bowgnirn,bowgnirn@example.com,pn9nLCL4JI
wwuhxsqv,wwuhxsqv@example.com,yhH5or4IRK
jlwnjxfg,jlwnjxfg@example.com,LM2hGqv6QJ
abfbnbkx,abfbnbkx@example.com,qqZKQMGh5b
iyychiec,iyychiec@example.com,1EvcYHiaw4
jctvznqe,jctvznqe@example.com,dmnomwZ2Qn
wrelugpg,wrelugpg@example.com,d79tOhzvb8
oymljbkl,oymljbkl@example.com,4Ro7OxPYqL
sdhhwjtl,sdhhwjtl@example.com,bQhn0CtdVR
xizrnfcv,xizrnfcv@example.com,OvDcpMcZ6M
bgwgmyav,bgwgmyav@example.com,YSxIc0lJQC
rocqnfzh,rocqnfzh@example.com,cdDtZaKQ6x
imodnuva,imodnuva@example.com,4DuaUNO72z
lfudjixm,lfudjixm@example.com,Ff05UqhAIV
uuimznkw,uuimznkw@example.com,yie1kqyTNH
rktuuwit,rktuuwit@example.com,wMsyRseMNL
vndhsrxw,vndhsrxw@example.com,jwl0towZ9O
xmhwoyld,xmhwoyld@example.com,A4hHTwH9PK
ydjrkiix,ydjrkiix@example.com,GXabr2o2KY
rzoqfkue,rzoqfkue@example.com,h8644NGi22
nghbwsve,nghbwsve@example.com,iEJSsPCs4O
ehqtbvbq,ehqtbvbq@example.com,fpjCbeI4pG
kpcvsorr,kpcvsorr@example.com,ifuT65ZiKc
iaarifrc,iaarifrc@example.com,ZdRTbHPdxc
utxjxtbq,utxjxtbq@example.com,gDgwexhvH2
qhlhhggb,qhlhhggb@example.com,aZz0Fs6lQN
gfemwcch,gfemwcch@example.com,mweMJuY1kr
fcmoesdp,fcmoesdp@example.com,KzWQqE5ebF
